Id,Label,timeset,modularity_class,Degree
1,teamredditteams,,12,6
379,leagueoflegendsmeta,,12,5
28,dota2,,12,526
18346,quinnmains,,12,5
21922,fivekingstournament,,12,5
21004,supportlol,,12,5
41,iama,,11,1122
810,whowouldwin,,11,203
1264,summonerschool,,12,28
11,dogecoin,,21,159
747,hearthstone,,12,400
59,askreddit,,11,1286
691,starcraft,,12,260
224,gaming,,12,815
122,subredditdrama,,11,582
1461,gameofthrones,,10,327
325,globaloffensive,,12,505
263,smashbros,,12,447
1385,talesfromtechsupport,,11,288
657,theoryofreddit,,10,377
195,nba,,8,519
55,funny,,11,836
3,soccer,,10,541
205,smite,,12,37
9101,nitrogensports,,8,2
3316,creepy,,11,447
683,eve,,12,333
166,videos,,11,922
2931,girlgamers,,12,37
362,pcmasterrace,,12,678
317,pokemon,,12,372
6205,heroesofthestorm,,12,86
6,nfl,,0,416
7681,dotamasterrace,,12,20
369,techsupport,,12,214
34,games,,12,589
2736,esports,,12,14
157,technology,,11,804
451,anime,,12,428
156,explainlikeimfive,,11,752
69,minecraft,,11,273
42,todayilearned,,11,889
74,lifeprotips,,11,558
16815,leagueofmeta,,12,72
372,pcgaming,,12,478
97,news,,11,770
1067,wow,,12,358
11288,overwatch,,12,435
30071,invenglobal,,12,13
395,dataisbeautiful,,11,606
2880,loltwistedtreeline,,12,3
16861,houseparty5v5,,12,2
16678,yasuomains,,12,1
4133,teamsolomid,,12,2
475,askuk,,11,37
7180,mhoc,,13,55
380,unitedkingdom,,10,480
7,cfb,,10,299
418,baseball,,10,379
551,charitablebets,,0,64
323,hockey,,8,345
660,sports,,11,345
93,minnesotavikings,,0,50
5166,tennesseetitans,,0,41
1256,kansascitychiefs,,0,41
3227,eagles,,0,45
550,chargers,,0,41
98,redskins,,0,41
5066,oaklandraiders,,0,41
4491,greenbaypackers,,0,41
341,chibears,,0,41
1206,buccaneers,,0,41
5161,ravens,,0,42
923,nyjets,,0,41
62,seahawks,,0,42
1255,nygiants,,0,41
1400,detroitlions,,0,41
1254,texans,,0,41
763,49ers,,0,43
677,colts,,0,41
1317,miamidolphins,,0,41
605,patriots,,0,51
329,cowboys,,0,41
762,panthers,,0,41
61,denverbroncos,,0,41
1246,saints,,0,41
356,browns,,0,41
1477,steelers,,0,41
1032,bengals,,0,41
3230,jaguars,,0,41
678,azcardinals,,0,41
1257,buffalobills,,0,41
1247,falcons,,0,41
23466,losangelesrams,,0,40
1258,nfl_draft,,0,40
1316,stlouisrams,,0,36
9,gamedev,,12,59
2521,incremental_games,,12,3
30990,megamuseum,,12,3
410,indiegaming,,12,21
5492,indiegames,,12,3
1692,webgames,,12,3
2150,nyancoins,,21,2
1176,bitmarket,,21,9
276,dogemining,,21,11
313,dogecoinbeg,,21,24
123,bitcoin,,21,559
1666,dogecoinscamwatch,,21,24
3780,reddcoinmarket,,21,2
5777,northkorea,,21,2
1154,dogeservice,,21,7
82,jobs4dogecoins,,21,7
802,redditgetsdrawn,,21,22
651,dota2trade,,12,17
433,tf2trade,,12,10
184,starcitizen_trades,,12,6
16,posthardcore,,11,15
294,music,,11,593
2998,deathcore,,11,15
117,changemyview,,11,535
23,offmychest,,11,555
464,selfharm,,11,24
718,christianity,,11,433
378,short,,10,201
237,relationships,,11,556
728,mmfb,,11,50
326,depression,,11,121
545,self,,11,496
198,atheism,,11,565
113,askmen,,11,458
223,islam,,10,293
361,needadvice,,11,90
87,casualiama,,11,554
1880,trueoffmychest,,11,43
443,showerthoughts,,11,630
781,stopdrinking,,11,7
179,nofap,,10,300
989,confession,,11,314
7864,kikpals,,40,7
1991,advice,,11,172
783,assistance,,11,143
104,raisedbynarcissists,,11,99
1230,getdisciplined,,11,64
359,sex,,11,396
3875,askdocs,,11,91
1972,jobs,,11,72
3225,bpd,,11,48
650,adhd,,11,90
1364,drugs,,11,293
849,buddhism,,11,54
301,asktransgender,,11,157
766,relationship_advice,,11,339
1538,anxiety,,11,86
249,tifu,,11,663
10232,transsupport,,11,14
13,legaladvice,,11,553
842,insurance,,11,43
1636,amiugly,,10,278
1977,medical,,11,15
2824,lgbteens,,11,14
321,runescape,,12,203
3010,mentalhealth,,11,65
278,foreveralone,,11,57
446,askgaybros,,10,296
5747,deadredditors,,11,5
5078,ptsd,,11,8
1639,intp,,31,16
3090,needafriend,,11,6
102,autism,,11,9
152,dogecoindev,,21,3
1690,dogecoincharity,,21,6
9154,xdp,,21,19
533,litecoin,,21,27
155,frugal,,11,248
10,dogemarket,,21,48
1207,cryptocurrency,,21,39
712,kerbalspaceprogram,,12,42
190,worldnews,,11,818
2428,baltimore,,11,34
1486,ethereum,,21,38
39,jailbreak,,21,271
0,leagueoflegends,,12,604
751,cars,,10,334
2797,kraken,,21,17
118,enhancement,,11,22
15,aww,,11,467
3280,twitchplayspokemon,,12,70
36,pics,,11,920
176,sysadmin,,12,196
158,science,,11,624
292,buildapc,,12,214
532,collegebasketball,,0,106
2073,nascar,,21,58
164,android,,21,408
373,mma,,12,255
435,4chan,,10,497
160,wtf,,11,665
423,redditdev,,11,45
2059,formula1,,11,233
2907,raspberry_pi,,12,39
4256,buttcoin,,10,186
11566,millionairemakers,,21,40
8990,colorizedhistory,,11,39
2294,britishproblems,,10,92
1181,jokes,,11,506
112,darknetmarkets,,10,288
11823,monero,,21,28
11348,btc,,21,96
597,quarkcoin,,21,8
2659,vertcoin,,21,8
2823,reddcoin,,21,13
14554,cryptospread,,21,8
1435,dogeducation,,21,19
1054,dogetipbot,,21,19
2287,cudamanager,,21,2
277,litecoinmining,,21,11
4436,dogenews,,21,17
3604,dogecoingermany,,21,17
1527,silverbugs,,21,23
11421,dogechinese,,21,17
5640,dogevendors,,21,1
627,debian,,12,20
2905,coins4sale,,21,1
765,steam,,12,253
262,wiiu,,12,84
32,childfree,,11,237
196,lostgeneration,,10,176
142,television,,11,563
105,adviceanimals,,11,660
809,bestof,,11,601
1133,facepalm,,10,382
233,conspiracy,,10,610
413,politics,,10,664
143,mildlyinteresting,,11,563
1669,gamernews,,10,188
405,hiphopheads,,10,459
2108,cringepics,,11,412
2331,3ds,,12,208
437,circlebroke2,,10,369
80,badhistory,,10,360
314,shitredditsays,,10,473
273,writing,,11,191
328,cringe,,10,428
2691,glitch_in_the_matrix,,11,143
924,anarcho_capitalism,,10,337
1508,morbidreality,,10,348
847,thathappened,,10,405
47,politicaldiscussion,,10,421
1378,rage,,10,434
1059,truereddit,,10,460
1251,philosophy,,10,388
225,outoftheloop,,10,622
121,gifs,,11,632
1784,europe,,10,575
498,okcupid,,10,298
491,nottheonion,,10,574
91,australia,,10,427
300,personalfinance,,11,469
71,reactiongifs,,10,400
434,canada,,10,519
144,movies,,11,670
685,tumblrinaction,,10,487
1277,socialism,,10,412
916,oculus,,12,376
1357,undelete,,10,457
1864,mildlyinfuriating,,11,248
862,justiceporn,,10,314
1056,space,,11,376
489,offbeat,,10,293
1542,watchpeopledie,,10,289
44,books,,11,596
236,quotesporn,,10,297
81,worldpolitics,,10,322
5672,tinder,,10,359
4342,marvel,,10,238
665,theredpill,,10,424
1649,comics,,10,253
5729,nononono,,10,175
253,futurology,,11,498
20,india,,10,404
440,fitness,,11,438
727,twoxchromosomes,,11,565
149,mensrights,,10,460
1073,apple,,10,307
57,writingprompts,,11,469
429,libertarian,,10,439
218,anarchism,,10,408
266,tf2,,12,377
788,gamedeals,,12,247
1121,oddlysatisfying,,11,315
607,standupshots,,10,351
2376,internetisbeautiful,,11,400
1039,oldschoolcool,,11,466
1604,negareddit,,10,364
4709,jontron,,10,215
2564,iamverysmart,,10,312
442,earthporn,,11,314
4083,documentaries,,10,512
883,gadgets,,11,264
4834,upliftingnews,,10,522
1913,vancouver,,11,237
120,getmotivated,,11,384
288,woahdude,,11,278
5681,animalsbeingbros,,11,88
393,cynicalbrit,,10,280
280,skyrim,,10,370
1275,starwars,,11,357
2295,ukpolitics,,10,395
4553,southpark,,10,181
4104,floridaman,,10,199
12311,blackpeopletwitter,,10,459
643,history,,10,493
6942,publicfreakout,,10,393
9573,kotakuinaction,,10,506
3778,art,,11,302
209,magictcg,,10,390
2620,pettyrevenge,,10,195
8959,punchablefaces,,10,377
13587,subredditcancer,,10,397
1573,interestingasfuck,,11,430
6305,sandersforpresident,,10,531
9122,pussypassdenied,,10,251
7984,european,,10,397
1106,food,,11,416
1797,imgoingtohellforthis,,10,451
1047,scifi,,10,228
12469,cringeanarchy,,10,462
1896,quityourbullshit,,10,417
3942,blackladies,,10,253
17738,blackout2015,,10,286
26,fallout,,12,377
114,askwomen,,11,214
19537,the_donald,,10,619
20720,hillaryclinton,,10,335
427,conservative,,10,423
3398,gamingcirclejerk,,10,294
26527,enoughtrumpspam,,10,462
159,environment,,11,138
49,debatereligion,,11,102
5719,tech,,11,55
5542,moviescirclejerk,,10,84
1024,fatpeoplestories,,11,2
1638,intj,,31,21
748,iosthemes,,21,1
3367,iphone,,21,56
274,youshouldknow,,11,258
20133,pokemongo,,11,236
9963,ios8,,21,4
4513,ios,,21,14
1109,applehelp,,21,27
4683,ipad,,21,17
17701,ios9,,21,7
17958,iosbeta,,21,7
21,metalcore,,11,81
979,eldertrees,,11,30
980,ama,,11,230
1301,horror,,11,13
824,fantasy,,11,68
1779,syriancivilwar,,10,283
471,boardgames,,11,115
2258,wheredidthesodago,,11,49
1582,metal,,10,190
1064,rbi,,11,14
165,askscience,,11,350
352,malefashionadvice,,12,272
77,askhistorians,,11,497
285,losangeles,,10,315
25,gaming4gamers,,11,32
770,cats,,11,214
4636,levantinewar,,10,9
1040,futuristparty,,11,18
1302,electronicmusic,,11,68
1253,thewalkingdead,,10,131
538,astronomy,,11,22
504,diy,,11,344
8925,hashoah,,11,28
315,programming,,10,431
4363,poppunkers,,11,49
795,sanfrancisco,,10,264
812,bicycling,,11,268
284,trees,,11,482
515,entrepreneur,,11,217
342,edmproduction,,11,51
2787,cordcutters,,11,61
1361,startups,,11,79
12975,upvoted,,11,57
5062,indieheads,,11,85
1674,travel,,11,265
336,netsec,,11,56
3368,geopolitics,,11,84
1517,everythingscience,,11,46
11781,indiancountry,,11,27
333,scientology,,11,35
1920,archerfx,,11,125
9160,indianfood,,11,18
27509,political_revolution,,10,117
656,comicbooks,,10,240
28549,strangerthings,,11,41
1893,unresolvedmysteries,,10,321
27446,seattlewa,,10,234
25414,brakebills,,11,8
289,3dprinting,,12,9
1552,screenwriting,,11,8
109,photography,,11,6
6841,finland,,11,6
15337,newtubers,,11,1
7520,de_iama,,11,12
17637,battlebots,,11,8
26799,indiaspeaks,,10,3
1183,sciencefiction,,11,5
20584,hexandcounter,,11,4
5254,iamarequests,,11,3
9828,nordstrom1901,,12,1
5628,bicycletouring,,11,1
644,whatisthisthing,,11,140
297,crazyideas,,11,328
3629,whatcouldgowrong,,10,251
3046,theydidthemath,,11,183
5631,forwardsfromgrandma,,10,374
16319,kenm,,11,97
2630,youtubehaiku,,10,295
145,nostupidquestions,,11,373
1187,crusaderkings,,10,173
339,mindcrack,,11,48
8587,shitty_car_mods,,11,5
6172,crappydesign,,10,216
1591,law,,11,26
735,srsdiscussion,,10,68
31,circlebroke,,10,400
3661,creepypms,,10,327
512,oney,,10,36
10633,gamerghazi,,10,365
9866,bestofoutrageculture,,10,290
831,trollxchromosomes,,10,348
18823,menslib,,10,107
27542,uncensorednews,,10,363
210,badphilosophy,,10,288
581,shitamericanssay,,10,311
261,thebluepill,,10,314
420,magicskyfairy,,10,101
1174,japan,,10,186
2782,lewronggeneration,,10,380
78,hailcorporate,,10,349
1192,ainbow,,10,313
54,srssucks,,10,291
217,enoughlibertarianspam,,10,291
86,badscience,,10,149
901,rant,,10,340
260,purplepilldebate,,10,262
459,squaredcircle,,10,393
1488,atheismrebooted,,11,64
366,talesfromretail,,11,300
422,electronic_cigarette,,10,282
4151,shittyreactiongifs,,10,221
1310,circlejerk,,10,297
982,911truth,,10,207
295,asktrp,,10,125
7218,antimemewatch,,10,101
412,shitstatistssay,,10,237
3725,justneckbeardthings,,10,365
734,trueatheism,,11,55
2558,panichistory,,10,262
2008,weightroom,,11,30
985,drama,,10,432
134,copypasta,,10,118
896,toronto,,10,337
963,montageparodies,,10,282
1490,nyc,,10,324
10782,againstgamergate,,10,105
527,investing,,10,226
12251,shitpost,,10,74
6803,trashy,,10,319
1776,nsfw_gif,,10,282
1046,occult,,10,208
806,xboxone,,12,290
13666,me_irl,,11,290
13241,topmindsofreddit,,10,337
17219,againsthatesubreddits,,10,352
13868,voat,,10,88
10707,niceguys,,10,344
1721,banned,,10,98
2725,mgtow,,10,132
16769,humanism,,11,4
18796,anime_irl,,10,101
12081,waifuism,,10,101
7399,nomansskythegame,,12,303
1069,badeconomics,,10,224
2438,beer,,11,105
92,sydney,,11,8
174,socialskills,,11,108
287,nosleep,,11,301
567,aviation,,11,40
1462,asoiaf,,10,353
307,help,,11,275
3315,ukrainianconflict,,11,17
841,religion,,11,136
100,basicincome,,10,214
5470,announcements,,11,109
162,parenting,,11,194
88,teenagers,,11,273
1814,ideasfortheadmins,,10,250
1618,psychology,,11,35
1439,harrypotter,,11,96
5627,defaults,,11,31
596,scotland,,11,130
1369,makeupaddiction,,10,309
1822,singapore,,11,23
353,fantheories,,11,121
1483,military,,10,305
797,motorcycles,,10,261
1537,dreams,,11,20
15080,thebutton,,11,300
899,foodporn,,11,104
1941,shittyfoodporn,,11,79
3476,comcast,,11,63
8093,wouldyourather,,11,52
2005,prorevenge,,11,24
457,civcraftexchange,,10,2
3964,civcraft_orion_court,,10,1
4860,ndzhl,,1,3
926,danzilona,,1,1
458,civcraft_orion,,2,1
4763,civcraftaytos,,2,1
927,unitedprovinces,,1,1
11060,civilizatonexperiment,,11,8
26460,sovereigntyascending,,11,1
13993,civbounty,,3,1
8052,mtaugustajustice,,3,1
73,gamesell,,12,4
521,gamesale,,12,13
503,giftcardexchange,,12,8
2723,gametrade,,12,7
3835,clubnintendotrade,,12,8
2029,loans,,29,6
1411,ecigclassifieds,,29,14
10217,borrow,,11,5
2087,warshipporn,,11,38
1736,militaryporn,,11,133
2805,futurewhatif,,11,46
708,explainlikeiama,,11,76
3112,infrastructureporn,,11,34
3005,photocritique,,11,35
394,asksciencefiction,,11,69
3545,spaceporn,,11,49
815,icandrawthat,,27,4
6052,retrofuturism,,11,36
2169,itookapicture,,11,57
1587,abandonedporn,,11,55
1528,photoshopbattles,,11,214
1120,historyporn,,11,169
5533,artefactporn,,11,36
984,spacex,,11,36
1131,rpg,,27,44
4985,hfy,,11,29
2401,stonerphilosophy,,11,5
469,awesome,,11,84
1010,shortscarystories,,11,39
1132,worldbuilding,,27,102
424,linux,,10,393
12896,luna_lovewell,,11,4
1151,lifehacks,,11,55
12980,koyoteelaughter,,11,4
12430,historywhatif,,11,48
2377,fifthworldproblems,,11,44
346,frisson,,11,61
1031,shittyaskscience,,11,129
477,cyberpunk,,11,85
1158,dnd,,27,119
17013,subredditsimulator,,11,127
4750,respectthreads,,11,21
17271,subredditsimmeta,,11,40
2262,trueaskreddit,,11,30
1274,unexpected,,11,222
1142,tipofmytongue,,11,70
3417,tumblr,,11,110
1905,startrek,,11,71
29949,savedyouaclick,,11,177
31435,wholesomememes,,11,105
2563,urbanexploration,,11,4
1420,keepwriting,,11,4
905,shortstories,,11,1
6299,destructivereaders,,11,18
18074,wheeloftimerp,,11,15
744,asksocialscience,,11,72
4715,anthropology,,11,8
79,firstworldanarchists,,11,271
226,progresspics,,11,129
514,ireland,,10,328
213,london,,11,204
3157,doesanybodyelse,,11,89
275,karmacourt,,11,117
497,portland,,10,235
1861,murica,,11,212
181,ps4,,12,219
1694,austin,,11,265
2270,texas,,11,101
2347,minimalism,,11,64
1294,mechanicalkeyboards,,12,256
18174,rocketleague,,12,189
30773,trebuchetmemes,,11,59
9198,fellowkids,,10,286
1179,gonewild,,11,99
6241,eatcheapandhealthy,,11,50
1243,howto,,11,7
909,marketing,,11,60
833,woodworking,,11,18
2709,buyitforlife,,11,11
5970,deepintoyoutube,,11,81
2910,damnthatsinteresting,,11,67
1379,nostalgia,,11,41
876,randomactsofpizza,,11,16
5580,oneplus,,21,32
2831,spicy,,11,9
3974,headphones,,11,5
875,mapporn,,10,347
318,paradoxplaza,,10,209
1600,historynetwork,,11,43
1215,whiterights,,10,87
2283,warthunder,,12,97
85,conspiratard,,10,144
2416,propagandaposters,,10,189
592,communism,,10,84
2649,russia,,11,105
212,askhistory,,11,43
3183,politicalhumor,,10,285
3017,hinduism,,10,77
1089,korea,,11,48
1975,combatfootage,,11,42
2710,progressive,,10,108
4562,badlegaladvice,,10,70
15554,shitwehraboossay,,10,256
738,catholicism,,10,187
3023,debatefascism,,10,123
29409,enoughcommiespam,,10,172
11012,fullcommunism,,10,373
419,debateachristian,,11,57
24584,asktrumpsupporters,,10,147
2892,classicalmusic,,11,18
2583,bad_religion,,11,12
9588,imaginarymaps,,11,8
84,gainit,,11,17
2827,bodybuilding,,11,187
1465,conspiro,,10,1
840,climateskeptics,,11,10
1541,bad_cop_no_donut,,10,154
8355,casualconversation,,11,154
4402,nsfwiama,,11,21
3124,solotravel,,11,5
242,brisbane,,4,4
7263,southafrica,,11,8
5071,nrl,,11,4
3496,auslaw,,11,3
3675,melbourne,,4,8
568,ausfinance,,4,5
907,australianpolitics,,4,4
16487,readalong,,11,8
760,subredditdramadrama,,10,217
670,xkcd,,10,174
861,redditrequest,,10,354
194,againstmensrights,,10,185
4573,subredditdramax3,,10,31
1987,tiadiscussion,,10,246
6189,amrsucks,,10,162
1033,feedthebeast,,12,3
10339,nflstreams,,0,34
101,canadapolitics,,10,66
1688,economics,,10,210
1840,economy,,10,35
11928,cmhoc,,13,15
2704,cgpgrey,,11,2
103,aspergers,,11,57
2769,badroommates,,11,35
499,loseit,,11,72
782,unsentletters,,11,44
1286,longdistance,,11,46
400,lgbt,,11,231
3261,letsnotmeet,,11,27
22,suicidewatch,,11,98
5755,narcissisticabuse,,11,11
256,weddingplanning,,11,6
733,decidingtobebetter,,11,8
20865,justnofamily,,11,6
4557,asianparentstories,,11,12
5358,alanon,,11,13
7602,ftm,,11,19
110,silkroad,,11,10
9774,openbazaar,,11,10
2203,onions,,11,13
4318,tails,,11,10
4237,tor,,11,24
484,privacy,,10,156
2056,lsd,,11,23
1533,opiates,,11,27
2229,drugnerds,,11,19
7885,researchchemicals,,11,22
8157,shrooms,,11,12
22815,reagenttesting,,11,15
4506,agmarketplace,,21,4
7010,grams,,21,2
9165,rcsources,,11,3
17963,abraxasmarket,,11,4
21759,alphabaymarket,,21,4
15153,alphabay,,21,1
13673,deepweb,,11,3
816,resissues,,11,10
5073,resannouncements,,11,8
900,firefox,,12,45
3150,changelog,,11,32
713,speedrun,,10,222
880,grandtheftautov,,12,150
363,dayz,,12,64
2191,vexillology,,10,153
3016,shitrconservativesays,,10,237
1129,math,,10,242
1175,seattle,,10,299
63,civcraft,,10,156
1698,worstof,,10,264
958,gamegrumps,,12,150
582,shitpoliticssays,,10,168
2015,civ,,10,328
1468,2007scape,,10,324
3160,entertainment,,10,76
1778,sweden,,11,238
1170,roosterteeth,,10,245
2768,opieandanthony,,10,260
2014,destinythegame,,12,297
945,washingtondc,,10,154
6562,femmethoughts,,10,151
3610,marvelstudios,,10,275
1647,playrust,,12,184
784,exmormon,,11,222
3103,newzealand,,10,328
6629,badsocialscience,,10,157
1543,protectandserve,,10,285
3203,rickandmorty,,10,230
10468,serialpodcast,,12,169
1437,thelastairbender,,11,59
1144,metacanada,,10,157
1224,fireemblem,,12,169
9285,stevenuniverse,,10,163
2817,badpolitics,,10,151
3015,bindingofisaac,,12,224
3520,rupaulsdragrace,,10,258
2786,china,,10,200
1209,lawschool,,11,76
1875,wallstreetbets,,12,179
14010,indianpeoplefacebook,,10,155
2585,berkeley,,10,219
11580,fivenightsatfreddys,,10,338
3981,minneapolis,,10,151
20495,undertale,,12,169
17264,darksouls3,,12,355
18991,stellaris,,10,156
4309,elitedangerous,,12,168
20879,latestagecapitalism,,10,378
70,highqualitygifs,,12,171
5018,gendercritical,,10,203
28188,incels,,10,246
24172,ghostbusters,,10,148
28797,enough_sanders_spam,,10,157
28331,altright,,10,254
29841,gatekeeping,,10,199
23512,gifrecipes,,11,85
24913,leftwithoutedge,,10,151
21609,natureismetal,,10,250
15747,h3h3productions,,10,360
32360,forhonor,,12,192
408,guildwars2,,10,248
343,metanarchism,,10,91
148,skeptic,,10,119
1790,iran,,11,50
1853,kappa,,10,175
173,seduction,,11,50
1818,chicago,,10,193
2637,olympics,,10,118
1752,politicalmoderation,,10,107
1325,wikileaks,,10,156
344,nolibswatch,,10,110
2063,carporn,,11,55
1667,debateanatheist,,11,42
667,polyamory,,10,127
358,deadbedrooms,,11,68
222,exmuslim,,10,235
407,starcitizen,,12,284
1107,medicine,,10,125
2731,askaconservative,,10,8
912,truechristian,,11,61
116,blackfellas,,10,171
5177,abcdesis,,11,30
182,twitch,,12,124
622,youtube,,10,250
3807,denmark,,11,53
493,belgium,,11,83
6358,pussypass,,11,18
96,thepopcornstand,,10,80
65,gaybros,,11,74
1020,arabs,,11,34
3958,fatlogic,,10,242
1656,houston,,11,85
1001,wallpapers,,11,167
1927,redditcensorship,,10,130
1562,askengineers,,11,11
3717,feminisms,,11,14
1216,vegan,,11,19
5118,circlejerkseattle,,10,167
6002,turkey,,11,48
466,bugs,,11,87
1329,israel,,10,137
2100,teachers,,11,78
1366,femradebates,,10,230
127,tagpro,,21,55
730,halo,,12,163
7271,spam,,10,191
4482,uwaterloo,,10,48
6660,isrconspiracyracist,,10,110
12174,celebs,,11,50
6739,oppression,,10,216
679,judaism,,11,46
3454,de,,10,284
3216,totalwar,,10,55
1701,psychiatry,,11,100
4533,dbz,,10,84
8595,shitliberalssay,,10,180
16042,samharris,,11,9
15426,bestoflegaladvice,,10,211
14043,metasubredditdrama,,10,80
2985,askacademia,,11,100
3322,usmc,,10,167
14476,unbgbbiivchidctiicbg,,10,116
13947,mandelaeffect,,10,189
14907,humansbeingbros,,11,6
472,bdsmcommunity,,11,37
18373,fnafcringe,,10,115
20484,ggdiscussion,,10,122
7062,shittykickstarters,,11,78
17923,modsupport,,10,147
872,physics,,11,48
19185,watchredditdie,,10,167
5117,starwarsbattlefront,,12,100
21833,politicalvideo,,10,166
4779,roadcam,,11,101
539,philadelphia,,11,100
172,martialarts,,10,168
3142,brasil,,11,57
23284,livestreamfail,,10,169
848,denver,,11,97
14149,vive,,12,266
2889,zelda,,12,126
1806,pakistan,,11,47
319,eu4,,10,54
16378,amd,,12,245
4190,amisexy,,10,167
21894,justiceserved,,10,114
476,freebies,,11,50
1518,running,,11,32
2873,health,,10,10
898,cooking,,11,10
1749,ffxiv,,12,105
15638,chicubs,,12,27
27,kpop,,10,51
2730,manga,,12,22
1860,cricket,,11,20
703,army,,11,8
882,destiny,,12,27
4456,warhammer,,12,6
1677,montreal,,11,26
7262,bloodborne,,12,70
1663,guitar,,11,18
281,stalkerwatch,,10,16
5291,h1z1,,12,73
1730,serbia,,11,12
4552,mademesmile,,11,27
1236,secretsanta,,11,48
6243,competitivehs,,12,67
7259,witcher,,12,89
2395,zen,,11,4
3400,dccomics,,11,9
2692,arrow,,12,17
2314,nintendo,,12,80
15816,dc_cinematic,,11,20
15735,seriouseats,,11,8
612,golf,,11,16
2245,calgary,,11,20
8553,alberta,,11,9
5275,swagbucks,,21,5
2917,yogscast,,12,13
1352,ottawa,,11,15
2542,darksouls2,,12,19
671,mlplounge,,12,7
445,gaybroscirclejerk,,11,20
2133,liverpoolfc,,8,18
4651,twobestfriendsplay,,12,31
6003,kurdistan,,10,8
2854,realgirls,,11,24
4434,fantasyfootball,,0,50
11178,muacjdiscussion,,12,6
4448,mltp,,21,8
3668,bjj,,12,13
1155,tall,,11,7
851,mls,,8,21
2785,japancirclejerk,,11,14
3258,survivor,,21,3
16295,worldofwarships,,12,11
10104,ssbm,,12,20
7948,instant_regret,,11,1
1660,sandiego,,11,8
4968,nsfwfunny,,11,17
767,pathofexile,,12,35
1343,planetside,,12,59
30101,rocketleagueexchange,,12,33
973,codcompetitive,,12,31
14165,streetfighter,,12,46
28977,nomanshigh,,12,12
856,lego,,21,11
837,finalfantasy,,11,1
7496,evilleagueofevil,,0,33
12646,deathgrips,,44,22
1245,atlanta,,11,7
3826,homestuck,,12,3
11041,livestreamfails,,12,5
1123,bakchodi,,11,6
53,fitnesscirclejerk,,11,3
942,twincities,,8,1
796,bayarea,,10,3
248,mwo,,12,1
1018,brokehugs,,11,1
3078,nerdcubed,,12,1
34797,coalitionagainstevil,,0,1
9392,muacirclejerk,,10,1
1205,actrade,,12,3
397,jobs4bitcoins,,11,4
637,bitcoinmining,,21,1
211,bitcoinmarkets,,21,14
2070,daddit,,11,10
4046,hacking,,10,76
14091,indiedev,,12,8
18826,bitcoin_uncensored,,21,12
8948,bittippers,,21,3
11208,freebits,,21,4
5108,changetip,,21,2
128,oceanictagpro,,21,2
3233,nltp,,21,6
6159,oltp,,11,1
1633,eltp,,21,5
9021,minorltp,,21,3
12709,tagprostreaming,,21,5
4960,tagpromapsharing,,5,1
8156,tagproracing,,5,1
594,polandball,,11,118
12040,grilledcheese,,10,80
4936,youdontsurf,,12,101
14828,vaporwave,,10,81
14140,amateur,,11,18
18754,starterpacks,,10,80
9459,kanye,,44,191
557,nsfw,,10,85
15213,dankmemes,,11,200
808,askphilosophy,,11,86
935,feminism,,11,180
22623,meirl,,12,133
3307,streetwear,,12,138
34917,place,,11,97
5145,stardustcrusaders,,12,22
2970,hunterxhunter,,12,14
15736,morbidquestions,,11,15
15314,blackops3,,12,38
2983,morrowind,,12,42
8752,trackers,,11,21
8109,linuxmasterrace,,12,30
11296,competitiveoverwatch,,12,27
7324,splatoon,,12,12
24604,clashroyale,,12,16
139,paranormal,,11,16
4240,playstationplus,,12,3
140,wanttobelieve,,11,3
136,ghosts,,11,4
1800,thetruthishere,,11,7
2469,ufos,,11,8
10236,humanoidencounters,,11,6
146,ask_politics,,11,61
1440,roomporn,,11,43
286,cosplay,,12,5
1953,boston,,11,28
5783,worldcup,,11,4
3279,thingscutinhalfporn,,11,22
603,geek,,11,7
2302,goforgold,,11,4
10896,climatechange,,11,1
3064,tattoos,,11,95
4258,justrolledintotheshop,,11,15
2660,explainlikeimcalvin,,11,1
1252,askphysics,,11,10
4124,cosmos,,11,4
7389,tlon,,11,1
4726,gallifrey,,11,3
170,guns,,13,21
994,gunsforsale,,13,4
4173,gundeals,,13,7
835,firearms,,13,4
11304,secretsniper,,13,4
642,highseddit,,11,3
8935,100sets,,11,3
1405,selfimprovement,,11,6
1350,askseddit,,11,5
690,gonewildstories,,40,56
595,usefulscripts,,12,18
771,sql,,21,9
1583,networking,,12,18
5220,msp,,12,9
2926,linuxadmin,,12,28
1868,homelab,,12,28
8447,tronscript,,12,14
7127,itcareerquestions,,21,4
3137,powershell,,21,9
1917,computertechs,,12,26
5645,cableporn,,12,9
1644,linuxquestions,,12,73
282,asknetsec,,12,41
1950,cscareerquestions,,11,63
2885,webhosting,,11,4
8212,freenas,,12,27
1389,webdev,,21,36
10268,windows10,,12,89
529,surface,,12,36
3382,vmware,,12,6
2452,pfsense,,12,6
178,ultrahardcore,,6,1
13181,uhcmatches,,6,1
180,meditation,,11,6
1551,psychonaut,,11,99
1939,nofapchristians,,11,6
199,pornfree,,11,12
5983,nofapwar,,12,11
2856,thexeffect,,11,5
22814,sexaa,,11,1
11893,salmonregiment,,12,1
2598,metalgearsolid,,12,16
2107,ps3,,12,5
6635,watch_dogs,,12,3
138,vita,,12,25
5196,playstation,,12,11
22865,playstationvr,,12,2
24871,psvr,,12,5
26374,infinitewarfare,,12,18
2406,thelastofusfactions,,12,1
586,listentothis,,11,28
3578,futurebeatproducers,,11,2
192,spikes,,7,11
1689,magicdeckbuilding,,7,11
1570,mtgfinance,,7,9
19233,tronmtg,,7,9
208,magicthecirclejerking,,7,5
22378,scapeshift,,7,2
1442,chicagobulls,,8,28
4032,nbaspurs,,8,10
2678,bostonceltics,,8,24
1668,heat,,8,14
5770,sixers,,8,22
1377,fantasybball,,11,1
5771,suns,,8,26
4095,torontoraptors,,8,27
960,rockets,,8,5
1899,atlantahawks,,8,27
5769,orlandomagic,,8,23
3098,warriors,,8,13
12436,nbastreams,,8,25
1419,clevelandcavs,,8,26
2030,nba_draft,,8,3
3930,lakers,,8,22
5571,memphisgrizzlies,,8,19
5711,denvernuggets,,8,21
1335,timberwolves,,8,21
5820,utahjazz,,8,21
6872,charlottehornets,,8,22
4094,kings,,8,22
4794,nyknicks,,8,9
4210,detroitpistons,,8,18
4661,mkebucks,,8,21
1122,gonets,,8,6
5716,pacers,,8,24
25349,concisegameguides,,8,2
5704,mavericks,,8,1
1628,reddevils,,8,63
2596,stream_links,,8,11
216,gunners,,8,11
12826,soccerstreams,,8,19
5012,coys,,8,10
340,mcfc,,8,11
1375,exchristian,,11,35
9418,christians,,11,28
6915,thegreatproject,,11,13
201,ligue1,,11,4
219,jleague,,11,6
6735,scottishfootball,,11,1
197,chelseafc,,8,11
6056,naslsoccer,,8,2
387,footballhighlights,,8,11
1150,footballdownload,,8,13
1104,premierleague,,8,3
2942,everton,,8,1
4494,realmadrid,,8,3
4166,borussiadortmund,,8,3
406,casualpokemontrades,,12,21
207,pokemontrades,,12,41
1744,vivillon,,12,16
2819,blackmarketreferences,,12,17
2062,casualpokereferences,,12,16
3472,svexchange,,12,35
2111,stunfisk,,12,19
304,shinypokemon,,12,16
4111,rptreferences,,12,9
377,poketradereferences,,12,23
4090,relaxedpokemontrades,,12,16
8080,pokemonplaza,,12,21
12185,pkmngiveawayrefs,,12,9
9145,pokeplazareferences,,12,18
13906,pokemonqrcodes,,12,12
7334,bankballexchange,,12,18
19393,3dshacks,,12,18
191,modernmagic,,7,11
9744,casualmtg,,7,3
1474,edh,,7,7
431,mtglegacy,,7,9
430,custommagic,,7,11
953,cryptomarkets,,21,5
16531,labouruk,,13,8
754,liberal,,10,18
2223,debateanarchism,,10,66
1884,iwantout,,11,60
1774,exittors,,11,19
133,dadjokes,,11,89
1081,answers,,11,107
1626,programmerhumor,,11,110
3972,flashtv,,11,31
3097,fiftyfifty,,11,16
3109,nsfw_gifs,,11,18
255,assassinscreed,,12,3
1030,csshelp,,11,9
1305,automoderator,,11,17
834,ffxi,,12,6
2194,homeimprovement,,11,31
906,politic,,10,52
4882,longtail,,10,80
5905,badbios,,21,91
5821,digitalcartel,,11,24
11215,holofractal,,11,36
6941,gangstalking,,10,89
3671,sorceryofthespectacle,,11,38
2779,collapse,,11,67
15341,c_s_t,,10,87
7950,undeleteshadow,,10,46
18484,electromagnetics,,10,83
20803,targetedenergyweapons,,10,97
22156,shills,,10,65
19777,romerules,,11,24
26605,hillaryforprison,,10,148
28585,retconned,,11,30
28789,dncleaks,,10,58
31038,whereisassange,,10,50
21263,media_criticism,,10,50
32391,coincidencetheorist,,10,50
34078,truthleaks,,11,24
33597,esist,,10,50
2816,snowden,,10,14
30673,shruglifesyndicate,,11,9
16580,autotldr,,10,1
5128,misc,,11,1
1303,dating_advice,,11,42
4931,teenrelationships,,11,20
5241,exnocontact,,11,19
6324,askwomenadvice,,11,9
6802,dating,,11,9
240,leafs,,8,6
10312,nhlstreams,,8,15
1922,stlouisblues,,8,20
4504,hawks,,8,8
5001,austpropertyponzi,,10,1
13694,hardwareswapuk,,12,2
1867,truefilm,,11,9
3609,comicbookmovies,,10,2
11428,flicks,,11,14
517,lotr,,11,5
3945,gradadmissions,,11,2
364,truegaming,,12,57
2492,digimon,,12,1
2009,redpillwomen,,11,22
10229,marriedredpill,,11,31
25670,redpillwives,,11,14
1631,stoicism,,11,4
12390,nintendomusic,,12,10
7512,club_nintendo,,12,10
19344,mariomaker,,12,13
13828,xenoblade_chronicles,,12,9
881,truetf2,,12,1
3822,redditdota2league,,12,5
3929,truedota2,,12,6
9811,noobsoftheancient,,12,2
7915,dota2tutor,,12,3
32464,herobuilds,,12,3
717,selfpublish,,11,2
1280,yawriters,,11,5
1136,fantasywriters,,11,9
2128,shutupandwrite,,11,2
384,naruto,,12,16
2801,nonononoyes,,11,67
27477,askouija,,11,10
739,mexico,,11,42
998,giftofgames,,11,40
4989,trendingsubreddits,,11,29
311,karmacourtblog,,11,6
310,karmacourtattorneys,,11,6
26621,battlefield_one,,12,1
3351,picturegame,,10,2
2941,scryptminingrigs,,21,1
2790,bamt,,21,2
939,r4r,,40,12
1330,teslore,,12,9
3820,elderscrolls,,12,3
1829,wonderfulmusic,,10,5
1813,vaporents,,11,16
1844,saplings,,11,9
8677,realestatetechnology,,11,6
4373,leaves,,11,10
1996,nootropics,,11,37
1214,microgrowery,,11,1
4427,artstore,,11,1
4927,entexchange,,9,4
2490,cannabisextracts,,9,3
4938,ploompax,,9,3
2064,academicbiblical,,11,44
291,goodyearwelt,,12,5
293,buildapcsales,,12,34
857,buildapcforme,,12,65
1149,overclocking,,12,47
602,battlefield_4,,12,57
2033,battlestations,,12,11
2364,hardware,,12,47
1453,buildmeapc,,12,49
3684,nvidia,,12,88
510,plex,,12,53
534,watercooling,,12,14
3957,computers,,12,46
7543,homeserver,,12,11
3855,pcgamingtechsupport,,12,51
20888,nvidiahelp,,12,46
18957,amdhelp,,12,45
19298,ultrawidemasterrace,,12,9
360,htpc,,12,46
1621,hackintosh,,12,40
3859,datahoarder,,12,51
1597,monitors,,12,41
505,linux4noobs,,12,59
2423,windows,,12,50
8294,corsair,,12,40
4627,cabalofthebuildsmiths,,12,40
1087,24hoursupport,,12,40
1117,suggestalaptop,,12,57
724,wearethemusicmakers,,12,56
5510,techsupportmacgyver,,12,40
1481,techsupportgore,,12,52
1249,skyrimmods,,12,36
14717,blackdesertonline,,12,12
705,linux_gaming,,12,35
986,test,,11,19
22334,factorio,,12,8
4498,hardcore,,11,1
3247,lightbulb,,11,11
302,transpassing,,11,6
1226,transpositive,,11,3
6624,transvoice,,11,3
1262,samplesize,,11,22
2117,askfeminists,,11,65
4775,mypartneristrans,,11,9
399,actuallesbians,,11,20
7378,questioning,,11,7
1227,transgender,,11,22
3395,mtf,,11,7
6117,ask_transgender,,11,5
2343,portugal,,11,24
4096,software,,12,17
6140,piracy,,11,5
867,gbr4r,,11,3
2267,shadowban,,11,17
309,keto,,11,26
3423,ketorecipes,,11,5
439,xxfitness,,11,33
11243,100daysofketo,,11,3
411,frugalmalefashion,,11,9
3844,irishhistory,,11,12
76,askanthropology,,11,11
2307,askculinary,,11,7
591,communism101,,10,26
232,dredmorbius,,11,16
807,linguistics,,11,5
1178,translator,,11,5
706,italy,,11,38
1173,masseffect,,12,67
16822,atahop,,10,2
32748,democratiauniversalis,,10,2
20193,rsdarkscape,,10,1
3689,flyers,,8,9
1112,playitforward,,12,3
579,indianews,,11,10
639,learnprogramming,,21,51
1318,germany,,11,45
12572,askanamerican,,11,79
1643,neutralpolitics,,11,24
2534,languagelearning,,11,11
31254,imls,,11,1
4134,accounting,,11,2
14448,ula,,11,1
2707,engineeringstudents,,11,28
14013,mechanicalengineering,,11,1
4057,playmindcrack,,11,1
5641,2hourtracksundays,,11,5
1373,audioengineering,,11,8
7565,advancedproduction,,11,5
1764,fl_studio,,12,3
8410,drumkits,,12,2
1522,edm,,11,1
2337,anarchy101,,10,55
206,pokemongiveaway,,12,38
3770,pokemonshowdown,,12,3
4903,pokemonleague3ds,,12,4
1398,wondertrade,,12,6
10156,pkmnredditleague,,12,11
24634,pokemoonsun,,12,5
30960,nintendoswitch,,12,10
5754,pokemonconspiracies,,12,2
28245,pokemongoyellow,,12,2
28247,pokemongomystic,,12,2
26481,nesbattles,,12,1
31809,thefestivalplaza,,12,1
6996,marriage,,11,17
23286,sexover30,,11,3
972,divorce,,11,2
4360,pickanandroidforme,,21,24
11734,diyaudio,,12,2
674,askelectronics,,12,11
4455,falloutmods,,12,12
14654,fo4,,12,13
2392,falloutlore,,12,13
21047,fallout4builds,,12,10
21854,archduke,,12,10
21732,falloutsettlements,,12,10
187,boxing,,12,7
14168,wmma,,12,3
9524,ocpoetry,,11,10
3211,bipolarreddit,,11,12
2798,redditorsinrecovery,,11,9
680,socialanxiety,,11,23
3514,lonely,,11,1
385,onepiece,,12,5
1650,lfg,,27,14
3029,asksciencediscussion,,11,14
3916,bisexual,,11,17
402,ubuntu,,12,30
2035,unixporn,,12,19
5721,fantanoforever,,44,3
19716,popheads,,44,6
18564,frankocean,,44,27
12970,chriscftb97,,0,2
10400,donaldglover,,44,23
2430,eminem,,44,3
23765,octobersveryown,,44,23
1908,pokemonexchange,,12,3
836,mmorpg,,12,13
396,watches,,12,1
12378,modelusgov,,13,67
24132,capitalismvsocialism,,10,78
7697,cfbofftopic,,11,3
415,pmsforsale,,21,4
1579,mariners,,12,10
5137,reds,,12,7
869,sfgiants,,12,4
4486,dodgers,,12,3
8629,antitheism,,11,5
1372,coilporn,,29,5
8534,ejuiceporn,,29,10
5473,vaping,,29,5
3664,ecrpoker,,29,4
2646,requestabot,,11,5
7087,goldtesting,,11,3
4061,googleplaydeals,,21,1
689,androidquestions,,21,30
2186,androidgaming,,21,13
1949,androiddev,,21,20
2040,tasker,,21,2
26282,sesame,,21,4
838,beermoney,,11,8
6340,libertarianmeme,,11,14
26132,garyjohnson,,13,1
267,learndota2,,12,8
7070,sfm,,12,6
20166,paladins,,12,6
4888,randomactsoftf2,,12,2
4782,mississippi,,11,21
1592,heroesofnewerth,,12,10
992,compdota2,,12,1
13506,sjwhate,,10,119
4092,flexibility,,11,19
1017,climbing,,38,2
1180,btfc,,11,27
3506,bodyweightfitness,,11,39
9213,strongman,,11,17
3335,powerlifting,,11,14
17204,careersuccess,,11,14
9778,griptraining,,11,23
4179,90daysgoal,,11,41
1839,babybumps,,36,5
452,toonami,,12,5
501,trueanime,,12,6
13337,shinsekaiyori,,12,4
27813,re_zero,,12,1
780,animesuggest,,12,13
3198,killlakill,,11,6
10077,watchinganime,,12,5
4463,awwnime,,12,7
6313,araragi,,12,2
26833,animesakuga,,12,1
1045,starcitizenaustralia,,12,1
7660,southerncrossalliance,,12,1
3794,wwenetwork,,14,2
24727,sc366,,14,2
20596,rwzwrestlingleague,,14,2
12111,wrestlewiththeplot,,10,2
126,mylittlepony,,11,13
7227,wwegames,,12,3
1561,vermillionunion,,15,4
462,chromanauts,,15,4
5330,chromanauts_eternal,,15,4
5662,greataurantiaco,,15,5
17155,fieldofkarmicglory,,15,5
1560,periwinkle,,16,1
1841,chromalore,,16,1
3489,orangelondo,,15,2
231,modhelp,,11,53
23784,thesilphroad,,11,24
2152,bondage,,11,6
562,bdsm,,11,6
8173,legaladviceuk,,11,5
3000,ukpersonalfinance,,11,12
495,quebec,,11,9
3556,luxembourg,,11,9
3557,architectureporn,,11,13
1197,paris,,11,1
1679,french,,11,2
1603,bigdickproblems,,11,1
312,rawdenim,,12,1
524,sneakers,,12,2
290,femalefashionadvice,,11,3
1665,archlinux,,12,18
1985,elementaryos,,12,16
401,linuxmint,,12,17
2714,chrubuntu,,12,17
3979,fedora,,12,16
17384,kalilinux,,12,16
2166,thinkpad,,12,7
163,chromecast,,12,4
1828,homenetworking,,12,20
756,forhire,,21,21
3633,freelance,,21,4
3040,smallbusiness,,11,54
1467,freedesign,,11,3
4422,entrepreneurridealong,,11,16
3638,socialmedia,,11,16
1293,bigseo,,11,16
2198,sideproject,,11,11
7480,sales,,11,8
2943,flipping,,11,19
535,productivity,,11,6
8714,fulfillmentbyamazon,,11,1
528,stockmarket,,21,12
1060,stocks,,21,8
6725,investmentclub,,21,7
9347,options,,21,8
15127,stock_picks,,21,14
1380,portfolios,,11,8
563,realestate,,11,37
4528,financialindependence,,11,47
4067,personalfinancecanada,,11,11
8296,askeconomics,,11,21
13863,onenote,,12,3
1521,askcarsales,,11,30
9116,homeowners,,11,6
1239,electricians,,11,7
863,mechanicadvice,,11,18
246,findareddit,,11,29
3191,diabetes,,11,9
3607,amitheasshole,,11,9
12792,landlord,,11,5
10804,academia,,11,20
2346,ford,,10,2
961,dogs,,11,13
4634,ebay,,11,2
4238,csgobetting,,12,19
971,asknyc,,10,1
5848,clanxenon,,17,6
4935,redditasylumcoc,,17,5
7789,redditalchemy,,17,5
5427,clanredditomega,,17,5
10015,redditviper,,17,8
10368,redditclansystem,,17,6
7032,redditozone,,17,1
4871,teslamotors,,11,9
3433,republican,,10,2
2851,femdom,,40,6
2545,pornvids,,40,4
2893,homemadexxx,,40,3
1734,gonewildaudio,,40,34
7592,holdthemoan,,11,1
3824,cuckold,,40,8
561,incest,,40,10
6613,hotwife,,40,16
12058,freeuse,,40,3
12954,grool,,40,4
12864,bbcsluts,,40,3
31868,facefuck,,40,4
13467,nsfwhardcore,,18,1
22175,porninfifteenseconds,,18,1
17162,ageplaypenpals,,40,15
2951,sexystories,,40,19
10664,futarp,,40,7
3301,dirtyr4r,,40,22
5624,eroticpenpals,,40,7
16231,gwaprofiles,,40,17
25669,verifiedpenpals,,40,7
31377,gentlefemdom,,40,5
4108,fapdeciders,,40,9
29331,myroleplayprompts,,40,10
29660,gayrp,,40,7
1613,bdsmerotica,,40,5
15445,exxxchange,,40,4
1612,bdsmpersonals,,40,13
2852,bdsmtasks,,40,4
7960,dirtywritingprompts,,40,3
29963,dirtythings_dpp,,40,2
565,randomactsofmuffdive,,40,6
177,uhccourtroom,,19,1
11721,itsallmarconow,,19,1
1135,astrophotography,,11,1
2145,askeurope,,11,18
5658,poland,,10,1
5263,debatecommunism,,10,41
1964,glasgow,,13,1
600,argentina,,11,17
2138,gay,,11,11
485,france,,11,36
10824,mhocgevotes,,13,9
21337,iranian,,11,3
10960,britishpolitics,,13,7
15053,ukpoliticsama,,13,5
18401,superleague,,8,4
12861,jokedaily,,11,1
12863,iksdagen,,10,1
6022,partneredyoutube,,11,1
2628,rustfactions,,12,1
3832,fountainpens,,11,1
681,javahelp,,21,2
2227,csharp,,21,11
90,python,,21,21
1845,arduino,,12,10
1703,php,,10,96
1062,learnpython,,21,6
672,cpp_questions,,21,7
4510,dailyprogrammer,,21,17
1766,node,,21,8
3867,phphelp,,21,11
7329,pygame,,21,10
2046,compsci,,21,11
9496,computervision,,21,8
3276,java,,21,3
1786,javascript,,21,9
1326,excel,,21,1
2382,unity3d,,12,9
2385,learnmath,,21,9
5968,golang,,21,1
3850,ruby,,20,1
3884,angularjs,,20,1
10275,swift,,21,5
1164,freeebooks,,11,1
2273,bipolar,,11,21
6038,universityofreddit,,11,1
2129,insomnia,,11,1
2102,modclub,,11,24
2277,modnews,,11,29
5321,datasets,,11,1
16396,gaa,,10,1
3669,canucks,,8,4
3678,wildhockey,,8,13
1307,ssbpm,,12,13
2221,betterponymotes,,12,1
4852,cpp,,21,2
1982,electronics,,12,4
23271,diyelectronics,,12,1
4941,fixit,,11,3
6837,synthesizers,,12,2
2988,carav,,11,1
5176,competitiveedh,,7,3
4132,mtgaltered,,7,3
2403,randomkindness,,11,15
130,yugioh,,11,4
9367,lrcast,,7,4
13250,mtgo,,7,2
2759,exjew,,11,1
3501,archeage,,12,6
428,androidapps,,21,32
2503,nexus7,,21,19
8295,lgg3,,21,28
1684,nexus5,,21,26
3639,lgg2,,21,22
6428,sonyxperia,,21,22
954,tmobile,,21,29
15225,galaxys6,,21,22
5860,htcone,,21,19
4585,motox,,21,19
957,google,,21,33
10620,nexus6,,21,13
16367,lgg4,,21,10
20698,nexus5x,,21,30
20697,nexus6p,,21,29
2529,androidthemes,,21,19
24564,galaxys7,,21,27
3587,cyanogenmod,,21,6
4440,galaxys4,,21,3
9144,galaxys5,,21,5
1479,samsung,,21,7
10523,galaxynote4,,21,2
560,dirtypenpals,,40,18
564,randomactsofblowjob,,40,10
843,gaystoriesgonewild,,11,1
7609,readeranonerotica,,40,1
239,detroitredwings,,8,6
2467,habs,,8,3
1788,sanjosesharks,,8,3
3262,gamedevclassifieds,,12,3
8,playmygame,,12,8
13700,rpgmaker,,12,5
21256,steamcontroller,,12,9
2159,gameideas,,12,8
1938,inat,,12,3
1498,gamedesign,,12,7
7410,unity2d,,12,1
1454,artificial,,10,1
10868,rust_gamedev,,21,2
2662,nutrition,,11,27
3151,musictheory,,11,8
6285,piano,,11,1
1590,orthodoxchristianity,,11,15
2869,whatcarshouldibuy,,11,10
1358,cartalk,,11,6
16334,denverautoenthusiasts,,11,2
749,autos,,11,9
2643,honda,,11,3
4175,miata,,11,3
3084,testimonials,,21,11
31312,prasha2,,21,8
2332,slavelabour,,21,8
4156,jobbit,,21,6
2086,web_design,,21,11
2836,wordpress,,21,7
25746,pagefighter,,21,4
9076,magento,,11,1
3970,diablo3,,12,10
1007,diablo,,12,20
4656,bookclub,,11,2
2218,stopsmoking,,11,9
10492,sdchicago,,11,2
6303,atheisttwelvesteppers,,11,1
1992,alcoholism,,11,1
11273,randomactsofchristmas,,11,16
1138,random_acts_of_pizza,,11,11
1923,dentistry,,11,5
17747,almosthomeless,,11,8
1936,philippines,,11,4
5134,homeless,,11,4
11510,santaslittlehelpers,,11,4
18151,food_bank,,11,1
1858,elderscrollsonline,,12,12
3025,titanfall,,12,34
830,gamedealsmeta,,12,24
1456,darksouls,,12,38
9898,grandtheftautov_pc,,12,47
3509,patientgamers,,12,26
20325,rainbow6,,12,32
552,paydaytheheist,,12,10
10203,dragonage,,12,28
2077,eqnext,,12,2
13709,citiesskylines,,11,1
1140,california,,11,8
794,oakland,,10,1
8928,motouk,,22,1
5670,hondacb,,22,1
2953,gametales,,27,18
4561,conlangs,,11,4
26532,askphilosophyfaq,,11,1
4807,characterdrawing,,27,19
2999,drawmytattoo,,27,4
791,imaginarynetwork,,11,1
1367,drawforme,,11,1
251,tolkienfans,,11,5
2684,horrorlit,,11,11
13460,ironthronepowers,,27,8
3792,stormlight_archive,,11,3
828,bourbon,,34,4
829,worldwhisky,,34,6
1426,whiskyporn,,34,5
10527,whiskyinventory,,34,5
1427,whisky,,34,3
1852,wildstar,,10,1
18746,bladeandsoul,,12,1
8329,perktv,,21,2
10209,beermoneyhumor,,21,1
7132,autorepair,,10,2
18481,baseballtradedeadline,,10,2
2170,gtaglitches,,12,11
1402,redditdads,,12,3
7936,gtabank,,12,3
1354,gtacontent,,12,7
18250,rebl,,12,5
265,tf2weaponideas,,12,1
8277,shittankiessay,,11,18
888,pathfinder_rpg,,27,22
14442,dungeonprompt,,27,18
8555,dndnext,,27,21
16351,unearthedarcana,,27,19
4628,battlefield,,12,12
2449,warframe,,12,35
10520,thedivision,,12,51
624,playrustservers,,12,1
5305,askgames,,12,2
3265,tipofmyjoystick,,11,8
1281,recipes,,11,5
2164,baking,,11,6
14451,mealprepsunday,,11,7
1002,slowcooking,,11,5
1655,chrome,,12,22
27397,dropinfootball,,11,1
1034,seo,,11,2
879,gtaonline,,12,15
5223,virtualreality,,12,11
21698,planetcoaster,,12,13
29899,onwardvr,,12,9
7694,googlecardboard,,12,4
14580,steamvr,,12,9
11694,gearvr,,21,8
520,mushroomkingdom,,12,9
4159,c25k,,11,4
5728,fitmeals,,11,22
530,fitbit,,11,4
9056,1200isplenty,,11,3
1683,advancedfitness,,11,24
3388,leangains,,11,17
8997,supercoin,,21,4
17117,rantgrumps,,12,4
1925,pets,,11,4
151,dogtraining,,11,3
3414,puppy101,,11,1
531,pac12,,8,4
4403,theb1g,,8,4
969,smitegodconcepts,,23,1
5591,smiteskinconcepts,,23,1
8465,codaw,,12,8
124,codghosts,,12,2
3044,opticgaming,,12,3
566,minecraftsuggestions,,12,3
7641,mdmatherapy,,11,2
753,gunsarecool,,10,31
16179,enoughsandersspam,,10,112
12243,justunsubbed,,10,87
3173,greece,,10,85
21675,ggfreeforall,,10,87
33403,marchagainsttrump,,10,13
32321,debatealtright,,10,23
3494,joerogan,,21,2
8773,kratom,,12,16
13504,funhaus,,11,3
4483,uoft,,10,19
10878,northernireland,,10,8
14491,hapas,,11,21
22152,aznidentity,,11,17
10375,unexpectedthuglife,,11,1
3019,pkmntcgreferences,,12,9
10736,summonerswar,,12,18
2590,ratemymayor,,12,20
14501,rivalsofaether,,12,1
2248,monstercat,,12,3
18312,osrstranscripts,,12,2
6592,weekendgunnit,,24,1
8335,ak47,,24,1
3285,askvet,,11,3
1008,diablo3monks,,12,5
2896,diablo3barbarians,,12,3
3643,diablo3wizards,,12,3
3133,diablo3witchdoctors,,12,3
30440,thedirty31,,11,2
1016,windows8,,12,12
12407,dell,,12,21
2183,audiophile,,12,5
4691,malware,,12,3
4332,mac,,21,17
17000,laptops,,12,12
6223,opensuse,,12,7
2372,lenovo,,12,2
615,hometheater,,12,5
2549,rainmeter,,12,30
483,vpn,,12,10
5127,chromeos,,12,2
1395,reformed,,11,6
779,literature,,10,75
12855,bettermentbookclub,,11,3
1599,nhlhut,,11,2
9669,minecraftcommands,,11,1
3729,ncaaw,,0,4
965,redditblack,,12,1
455,eddfaction,,12,1
11082,awakened,,11,3
32498,chinesemedicine,,11,3
33526,echerdex,,11,3
1068,printsf,,11,3
4785,forex,,21,5
8905,khraid,,12,1
12600,competitivewow,,25,1
26596,projectsixty,,25,1
2717,protestantism,,11,11
6918,sf_book_club,,11,1
6480,customhearthstone,,12,9
7293,12winarenalog,,12,4
19104,arenahs,,12,2
24827,zerotoheroes,,12,2
13258,heartharena,,12,1
22164,5cardhearthstone,,12,1
10034,dorgan,,26,3
10973,hscoaching,,26,4
22384,thehearth,,26,3
31660,wildhearthstone,,26,3
14693,forsen,,12,1
3687,nonmonogamy,,11,3
5683,chineselanguage,,11,1
169,ar15,,13,6
2579,progun,,13,3
2305,ccw,,11,3
3249,asianbeauty,,12,10
14392,accutane,,11,1
1362,globaloffensivetrade,,12,16
4014,osx,,21,5
14703,iphonehelp,,21,3
2963,sikh,,10,2
5990,shadowrun,,27,6
392,itmejp,,27,16
1739,monsterhunter,,27,26
9435,swrpg,,27,6
13540,dndbehindthescreen,,27,27
3956,magicbuilding,,11,3
5421,randomactsofamazon,,11,2
58,circlejerkcopypasta,,11,5
12853,mhoir,,13,9
4714,dndgreentext,,27,13
24904,dnd5eclinic,,27,17
1434,dndhomebrew,,27,13
28123,dmacademy,,27,17
29465,roleit,,27,5
22237,monsteraday,,27,13
1409,mapmaking,,27,10
19739,askgamemasters,,27,4
1313,makeupexchange,,12,10
1163,wardrobepurge,,12,5
10899,itrpcommunity,,27,1
10900,ironthronerp,,27,4
6375,japantravel,,28,10
13833,newsokur,,12,6
2588,tokyo,,28,6
3310,japanlife,,28,5
1718,learnjapanese,,28,6
7522,german,,11,1
1080,chinese,,11,1
3707,canadian_ecigarette,,29,1
9419,ecr_eu,,29,5
30394,mixersclub,,29,4
31748,flavorbuys,,29,8
5041,diy_ejuice,,29,5
421,vapeitforward,,29,1
1476,e_cigarette,,29,5
2796,openpv,,29,6
8347,cursedmods,,29,5
11103,smoggb,,29,9
28251,diy_classifieds,,29,5
23334,ecr_uk,,29,3
1555,adoptmyvillager,,12,2
19143,ethtrader,,21,7
22151,totallynotrobots,,11,20
6981,bigbrother,,11,2
4329,thenetherlands,,11,28
4182,vegetarian,,11,5
1084,skincareaddiction,,12,7
3749,virtualwdcpc,,11,1
4477,lemansfm,,30,1
8902,fm4,,30,1
33438,fireemblemheroes,,12,1
16589,apotheoun,,11,3
1240,hvac,,11,2
5655,plumbing,,11,6
2329,homeworkhelp,,21,4
3235,breakingbad,,11,1
3933,skyrimrequiem,,12,4
13245,skyrimhelp,,12,4
1263,zeos,,12,1
24971,fioramains,,12,1
2251,entp,,31,13
3313,enfp,,31,13
1836,infp,,31,10
4097,mbti,,31,13
6716,chomsky,,10,25
11674,nonfictionbookclub,,11,15
3051,vzla,,11,3
11856,capitalism,,11,25
3804,ketogains,,11,15
707,paleo,,11,5
3805,ketoscience,,11,8
27144,intermittentfasting,,11,1
308,xxketo,,11,2
1915,tax,,11,4
1295,mechmarket,,11,1
1874,shittyama,,11,1
1876,gtav,,12,10
1100,chiliadmystery,,12,6
2179,gta,,12,6
1993,howtonotgiveafuck,,11,4
1308,customsmash,,12,1
3069,skincareexchange,,12,5
3071,genealogy,,10,1
5170,berlin,,11,3
9269,soccerbetting,,11,1
2658,palestine,,11,4
18941,israelpalestine,,11,5
335,engineering,,11,1
1338,aussiemakeupexchange,,12,1
7649,emeraldps2,,12,7
6688,bulkorcut,,11,6
4949,runnersinchicago,,11,5
3121,weightlifting,,11,4
11635,formcheck,,11,1
21828,researchreview,,11,1
3493,supplements,,11,5
1288,plantedtank,,32,1
855,aquariums,,32,1
7248,randomactsofcsgo,,12,3
6310,csgolounge,,12,6
3292,mdma,,11,5
1997,stackadvice,,11,10
7038,dmt,,11,9
4085,benzodiazepines,,11,7
1532,stims,,11,3
20623,askdrugnerds,,11,2
1510,randomactsofmakeup,,12,2
2172,indiemakeupandmore,,12,8
13155,beautyguruchat,,12,2
19078,oprpgcharacters,,33,1
19079,onepiecerpg,,33,1
2557,whatstheword,,11,2
5808,cancer,,11,4
24635,javascriptstudygroup,,21,1
2676,gtaonlinecrews,,12,1
11318,korrasami,,11,1
6051,sunsetshimmer,,12,1
3253,torontoevents,,11,1
865,sto,,11,1
1746,tryingforababy,,36,2
10616,mhocpress,,13,7
4537,onebros,,12,7
3534,demonssouls,,12,4
17231,advancedrunning,,11,1
3892,sacrepublicfc,,10,1
338,mindcrackdiscussion,,11,1
4419,hermitcraft,,11,1
12472,cyclocross,,11,1
414,pmsfeedback,,21,4
21103,pmstradingpost,,21,1
1311,luciddreaming,,11,6
2047,bostonbruins,,8,6
3026,titanfall_x1,,12,3
519,forza,,12,1
7247,bf_hardline,,12,1
23252,killerinstinct,,12,1
6215,unsolvedmysteries,,11,3
12192,microdosing,,11,4
11211,spirituality,,10,1
20990,devoted,,11,2
2946,allthingsprotoss,,12,1
2484,backpacking,,11,3
1827,wireless,,12,5
15875,ubiquiti,,12,10
2286,beerporn,,11,1
3392,winnipeg,,11,3
1624,askmenover30,,11,1
3625,edendirect,,31,10
5772,entj,,31,12
1266,infj,,31,14
9758,smashcirclejerk,,12,2
1661,ucsd,,11,1
26088,tijuana,,11,1
580,bass,,11,1
4088,truedetective,,11,4
12061,starwarsleaks,,11,10
20985,starwarsspeculation,,11,10
929,linuxactionshow,,12,6
4876,torontobluejays,,12,8
3846,orioles,,12,7
21457,darthjarjar,,11,2
19296,askmrp,,11,7
4007,everymanshouldknow,,11,44
1731,croatia,,11,8
2993,bih,,11,1
826,nationals,,12,6
1751,braves,,12,2
4926,newyorkmets,,12,3
6374,kcroyals,,0,3
3565,fantasybaseball,,0,4
2230,wahoostipi,,12,5
6314,minnesotatwins,,12,8
8912,angelsbaseball,,12,5
417,cardinals,,12,5
3657,cubs,,12,1
4140,motorcitykitties,,12,1
14287,independentbaseball,,12,1
3777,letsgofish,,12,4
214,windowsphone,,12,6
1297,multicopter,,11,1
5455,canon,,11,1
2697,millerplanetside,,12,4
6237,serversmash,,12,6
4295,ps2cobalt,,12,3
5998,connery,,12,5
16988,planetsidebattles,,12,4
6448,herdofsquirrels,,12,1
2094,romania,,11,15
4925,cuba,,11,8
22789,steamsaledetectives,,12,4
23603,gamedetectives,,12,10
14065,beta,,11,21
6200,ukraina,,11,2
3312,enfj,,31,5
3571,mormon,,11,9
12504,mormondialogue,,11,1
827,scotch,,34,5
1863,totallystraight,,11,1
1480,debateacommunist,,10,34
28428,goldandblack,,10,7
5038,polycentric_law,,10,4
1817,ukraine,,11,5
5376,suomi,,11,6
3497,nursing,,11,4
920,latterdaysaints,,11,3
17567,lds,,11,1
5389,indonesia,,11,2
17342,gamedev1,,12,2
5019,interiordesign,,11,1
7852,bostoncomedy,,12,1
1966,wicked_edge,,35,2
8190,wet_shavers,,35,4
5764,randomactsofshaving,,35,2
26488,wetshaving,,35,2
1885,careerguidance,,11,2
2555,neuroscience,,11,3
24795,phenibut,,11,1
5053,coins,,21,2
2006,miscarriage,,36,2
1443,infertility,,36,3
1388,rational,,11,4
19038,worlddrawing,,27,2
3895,kdrama,,10,1
2019,anaheimducks,,8,4
4543,hockeyplayers,,8,1
3992,ccna,,12,1
2025,parentsofmultiples,,11,4
2268,beyondthebump,,11,6
4233,predaddit,,11,5
8720,cleganebowl,,10,1
4838,asoiafcirclejerk,,11,1
16820,projectfi,,21,2
8250,androidwear,,21,4
3674,istp,,31,7
1545,ottawasenators,,8,5
5804,hockeygamegifs,,8,6
2066,uscr,,11,1
28763,blancpain,,11,1
6724,indycar,,10,2
2065,wec,,21,4
6078,racetrackdesigns,,21,2
27589,frl,,21,2
8054,gog,,12,1
161,education,,11,5
1670,rwby,,11,1
24376,pokemonxtremeoverride,,12,2
7973,ignorantimgur,,11,13
5953,retrogaming,,12,1
10925,nosleepindex,,11,6
9279,cryosleep,,11,5
10741,libraryofshadows,,11,8
3823,gamingsuggestions,,12,2
3252,cheatatmathhomework,,11,5
3020,askmath,,11,4
11729,imaginaryasylums,,11,1
2153,nosleepooc,,11,4
22468,leoduhvinci,,11,2
28202,scandalist,,11,2
13092,battlefield_4_cte,,12,2
322,rangers,,8,11
2936,caps,,8,7
17861,advancedmicrodevices,,12,6
6601,razer,,12,1
2524,roku,,12,2
6603,verizon,,21,6
11532,sprint,,21,2
28163,galaxynote7,,21,2
746,dallas,,11,1
332,medicalschool,,11,1
6161,bikewrench,,37,1
1524,cycling,,37,4
5298,mtb,,37,2
6202,whichbike,,37,3
8134,peloton,,11,2
893,haskell,,21,1
2594,homebrewing,,11,1
669,calgaryflames,,8,8
2216,penguins,,8,6
5227,devils,,8,4
7597,rhockeymockdraft,,8,7
6772,nhl,,8,4
18531,60teams60days,,0,5
6217,edmontonoilers,,8,1
2299,bouldering,,38,1
3752,std,,11,5
6885,mathhelp,,11,1
29938,googlepixel,,21,5
345,pebble,,11,1
9675,moto360,,21,2
1535,mvc3,,12,2
23580,streetfightermods,,12,2
9822,dfsports,,0,6
606,standup,,11,1
2507,callofduty,,12,2
12316,applyingtocollege,,39,1
19141,chanceme,,39,2
14488,cseventvods,,12,3
154,mcservers,,11,1
803,taoism,,10,3
1719,batman,,11,3
20236,metalgearphilanthropy,,12,1
20341,neverbegameover,,12,2
17671,geologycareers,,11,1
523,sneakermarket,,12,1
9272,repsneakers,,49,6
3118,cityporn,,11,1
13455,theredditrebels,,12,1
5735,nolapelicans,,8,16
2458,lightnovels,,12,3
543,clashofclans,,17,7
25211,bannedfromthe_donald,,11,7
5390,3dsgamenight,,12,6
7291,mariogolfreddittour,,12,6
11426,3dsdeals,,12,6
10889,amiibo,,12,4
5621,eroticliterature,,40,3
5948,pillowtalkaudio,,40,13
4125,behindtheaudiophile,,40,6
10839,iwillinstructyou,,40,6
13255,audiosexual,,40,9
14770,gwascriptguild,,40,14
30195,wouldy,,40,6
9997,gwabackstage,,40,10
16566,audiocandy,,40,9
32721,phonesexwithtodd,,40,8
11055,808seduction,,40,5
33974,everdistant_utopia,,40,3
1965,shave_bazaar,,35,2
254,gradschool,,11,3
19833,peanutbutter,,11,2
18324,indieexchange,,12,4
1312,perfumeexchange,,12,2
3068,asianbeautyexchange,,12,4
3076,asianamerican,,11,16
4984,asiantwox,,11,6
348,furry,,11,1
3645,diablo3demonhunters,,12,1
19892,monthlycomposition,,11,3
3177,socialists,,10,1
9819,bpdlovedones,,11,1
15670,cloud9,,12,3
15267,crucibleplaybook,,12,10
19589,pokemonexchangeref,,12,3
15481,ffrecordkeeper,,12,1
9350,wifesharing,,40,3
2813,bostonr4r,,40,3
11974,weakpots,,11,4
25784,gzcl,,11,4
6011,cssnews,,10,4
15428,defenders,,11,2
8951,medlabprofessionals,,10,1
19826,sino,,11,7
1673,frozen,,41,2
8940,stolenicemasterrace,,41,1
3568,sultansofstats,,0,2
3569,findaleague,,0,4
1529,design_critiques,,21,1
22200,mistborn,,11,1
1162,thriftythread,,12,3
30842,maddenrfl,,42,1
31079,x1leagueoflegends,,42,1
2784,cuckoldcommunity,,40,1
21319,supergirltv,,11,2
238,askpsychology,,11,5
571,koreanvariety,,10,1
9891,jeddit,,43,1
1285,swtor,,43,2
3651,supremeclothing,,12,1
2506,codzombies,,12,2
1812,mflb,,11,1
13420,waxpen,,11,2
12295,oldroot,,11,1
4099,arg,,11,1
9339,artfundamentals,,11,1
14318,opskins,,12,3
32050,21savage,,44,21
32324,popheadscirclejerk,,44,20
32096,drizzy,,44,21
26570,chancetherapper,,44,21
31944,lilyachty,,44,21
14560,kidcudi,,44,21
1577,ofwgkta,,44,21
23845,kendricklamar,,44,21
17656,theweeknd,,44,21
31693,asapmob,,44,21
4865,country,,44,21
32075,blackhippy,,44,21
27992,travisscott,,44,21
31885,aaliyahdanahaughton,,44,21
31917,prince,,44,21
8706,elitetraders,,12,9
16103,elitelavigny,,12,10
16974,elitesirius,,12,12
16973,elitewinters,,12,12
16982,aislingduval,,12,13
14079,elitemahon,,12,11
21013,elitecg,,12,11
6404,dynastyff,,0,5
7686,makenewfriendshere,,40,1
4520,chronicpain,,11,1
26661,thedao,,21,3
28882,ethereumclassic,,21,3
3570,elsanna,,41,1
16325,freefolk,,10,1
23234,steamship,,11,2
4808,nycmeetups,,40,1
6547,animalsbeingjerks,,11,23
6786,frdbroke,,10,1
9233,gendercynical,,11,1
5599,radiohead,,11,2
5570,truezelda,,12,1
33441,battlefield_live,,12,1
8459,breakup,,11,2
10801,nexus,,21,2
25555,gctrade,,12,1
18947,mpoi,,10,1
31520,thisisnotagame,,10,2
22191,fo4mods,,12,2
4765,htc,,21,3
17642,simpleprompts,,11,1
14284,emfeffects,,10,2
29432,audiohaven,,40,6
8341,navy_regiment,,12,4
8505,ceruleanregiment,,12,2
6083,fanfiction,,11,2
13382,destinymechanics,,12,1
8402,fireteams,,12,1
20099,cruciblesherpa,,12,5
10785,destinyjournals,,12,1
11872,raidsecrets,,12,3
13233,destinysherpa,,12,4
3244,redditomicron,,17,2
13954,redditgauntlet,,17,1
4367,democrats,,10,7
10729,seventhworldproblems,,45,1
10901,747thworldpirates,,45,1
9718,hotwiferequests,,46,1
8775,hotwifelifestyle,,46,1
26177,soulssliders,,12,1
4263,hiphopcirclejerk,,44,20
3147,barter,,12,2
20775,sorryiamachampion,,47,3
18743,alisonsinner,,47,3
20545,shamelesslyunshaven,,47,3
15510,poision_ivy,,47,3
6722,kreiswichs,,11,1
19626,ccj2,,10,1
1995,austria,,11,13
11166,mhocstrangersbar,,13,6
13377,rmun,,13,3
13570,mhol,,13,6
21310,mhocmeta,,13,7
15884,mhocedm,,13,4
14466,awww,,11,22
17813,pic,,11,22
13189,aliens,,10,1
29332,nomansskymods,,12,1
29516,nms_zoology,,12,3
30949,nms_lonelygalaxy,,12,2
8137,onetrueidol,,12,1
7057,redditstrike,,17,1
6221,redditcantjump,,0,1
16959,legendsoftomorrow,,12,1
4405,oldtimehockey,,0,1
7513,subredditreports,,11,1
1557,mtaugusta,,10,1
1066,wowguilds,,12,1
14143,pokemonqrrequests,,12,2
22396,researchvendors,,11,1
9120,lordsofminecraft,,48,1
9222,dwarvendistrict,,48,2
887,loremasters,,27,7
21914,boh5e,,27,11
20231,europemeta,,10,6
7893,tppleague,,12,1
10405,cepc,,48,1
8489,researchmarkets,,11,2
17581,mydnmreviewacct,,10,1
9939,gender_critical,,10,2
10140,fashionreps,,49,5
29357,chanzhfsneakers,,12,3
31123,repvouch,,49,1
26609,yeezyordie,,12,2
27553,wayofthebern,,10,15
12678,shitghazisays,,10,47
11403,kiachatroom,,10,34
26793,mr_trump,,10,12
3936,sithit,,43,1
6256,clashofclansrecruit,,17,1
11104,crazyhand,,12,1
8976,recordings,,40,4
19764,serialpodcastorigins,,12,3
13302,serialdiscussion,,12,2
22690,serialthunderdome,,12,2
30142,designerreps,,49,2
30888,cssbuy,,49,3
33335,fashionrepsbst,,49,4
30854,repladies,,49,3
28213,destinyepics,,12,1
30528,shortsweetstories,,56,2
23144,gtaonlinehax,,50,1
31617,gta_5_hack_online,,50,2
26867,overwatchuniversity,,12,6
28874,owconsole,,12,3
31361,overwatchscrubcup,,12,6
28875,theoverguard,,12,2
19040,bitcoinxt,,21,3
11686,saffronregiment,,12,3
13056,qzrestaurant,,21,1
2453,cigarmarket,,51,1
1846,cigars,,51,1
13247,shittyrobots,,11,11
1709,drunk,,11,3
16967,eliteantal,,12,13
977,bravenewbies,,12,1
3075,asianmasculinity,,11,14
16108,thedarkmountain,,52,1
11261,thebeach,,52,2
6344,galacticpeacekeepers,,52,1
15772,marioverse,,12,1
14630,lowlevelaware,,12,8
19124,dokusyo_syoseki_r,,12,3
14608,bakanewsjp,,12,1
14978,ongakur,,12,2
18980,zartan_branch,,12,2
14333,newsokunomoral,,12,3
17704,portal_ja,,11,4
16088,dirtgame,,12,4
3902,taiwan,,11,3
13878,civbattleroyale,,10,1
15344,sunguardians,,53,1
15126,team60s,,53,5
15110,knightsofthebutton,,53,4
15177,assassinsofthebutton,,11,1
15206,emerald_council,,11,1
15093,59s,,53,2
15104,churchofthebutton,,53,6
15413,violethand,,53,2
24676,modelmidwesternstate,,13,1
23621,modelusmeta,,13,5
27265,modelussenate,,13,2
27539,modelushouse,,13,2
15414,destructionist,,53,4
16315,unitedcolors,,11,1
8430,aquamarinesbarracks,,12,1
15597,theundisclosedpodcast,,12,1
17373,evesgarden,,40,1
17078,elitehudson,,12,11
18603,imperialhighcommand,,12,4
16958,elitepatreus,,12,7
16968,kumocrew,,12,10
17181,elitetorval,,12,6
19228,elitepress,,12,1
16370,playark,,54,8
18038,funkark,,54,8
29300,mrrobotarg,,11,1
17945,playarkservers,,54,5
17741,ark,,54,8
22886,arkone,,54,1
19896,jurassickingdoms,,54,8
26951,arkhermitsunited,,54,7
30981,opark,,54,7
32076,arkpocalypserp,,54,7
34026,havenscall,,54,7
24942,mholvote,,13,1
18230,modelusgovverify,,13,1
14520,newsokurmod,,12,2
10533,neurology,,10,8
3091,veterans,,10,8
18775,nintendonx,,12,1
23285,modelaustralia,,13,1
17477,modelsouthernstate,,13,1
7718,ingress,,12,3
28416,pokemongoivs,,12,3
28340,pokemongodev,,11,5
28332,pokemongola,,11,1
20237,metalgearpatriots,,12,1
26552,askhillarysupporters,,10,10
29492,askthe_donald,,10,13
5567,crypto,,10,4
1781,promptoftheday,,11,1
24885,modeleasternstate,,13,3
12377,modelsupcourt,,13,3
21857,modeluspress,,13,6
19024,modelnortheaststate,,13,1
20773,modelcentralstate,,13,1
16079,modelwesternstate,,13,1
24833,championmains,,12,1
23323,stevenaveryisguilty,,55,3
27106,ticktockmanitowoc,,55,2
22788,makingamurderer,,55,4
28728,supermam,,55,1
31872,makingamurderer2,,55,1
24842,kossacks_for_sanders,,10,9
24423,jillstein,,10,5
18475,modelwhpress,,13,4
31316,codmodernwarfare,,12,1
24970,highlevelkarma,,12,2
17088,mrrobot,,11,1
31981,mothergrues,,56,1
11046,gtamodding,,50,1
33000,competitiveforhonor,,12,1
33676,forhonorsamurai,,12,2
33576,forhonorknights,,12,1
